id,xcentroid,ycentroid,sharpness,roundness1,roundness2,npix,peak,flux,mag,daofind_mag,snr
144,285.0852322835069,266.0193765527142,0.40413416760985854,0.051869239658117294,0.4896385175832461,25,11.73760986328125,213.847900390625,-5.825262546539307,-1.7211474544655725,75.11419677734375
39,75.05189246824669,71.23498167893044,0.41839349612478793,-0.8662862181663513,-0.04914639041358174,25,8.54063892364502,180.57150268554688,-5.641623020172119,-0.7569105003137742,54.5770149230957
66,30.78333197850659,131.66201629932587,0.4106737010136365,0.045569319278001785,-0.09175422395979059,25,7.660813331604004,123.68562316894531,-5.230798244476318,-1.5226150025839567,48.92505645751953
142,41.79529305107758,267.5757432914845,0.4021582492967663,0.4386330842971802,-0.26006348276355584,25,7.334085941314697,151.8516845703125,-5.453548908233643,-0.7038332302291594,46.82617950439453
45,76.53062477318436,78.54104800170924,0.42767246718778906,-0.022812658920884132,0.8680367045670652,25,7.305957317352295,129.62216186523438,-5.281698226928711,-1.2687013051106395,46.64548110961914
30,78.44090634811282,56.302435719148825,0.4008676721297526,-0.0349116288125515,0.003042052120533291,25,7.005328178405762,122.0877685546875,-5.21668004989624,-1.2163015969733642,44.714256286621094
90,259.5013394981967,160.23506516526464,0.4013475861312995,-0.07631023973226547,-0.09777168538707541,25,7.004281044006348,125.92929077148438,-5.250316619873047,-1.1397523304321646,44.70752716064453
140,41.83683970524745,265.2467376882779,0.39385570608861475,0.19662243127822876,0.6118898596653322,25,6.997384548187256,145.47479248046875,-5.40696907043457,-0.6457769385661867,44.66322708129883
24,135.94593317630685,43.063012825525796,0.40246439820039076,-0.018435588106513023,-0.400182496590981,25,6.978473663330078,132.23028564453125,-5.303327560424805,-1.0260951857990954,44.541744232177734
11,264.8483827463054,20.225464952892327,0.4030513042268004,0.3486405611038208,0.6881320007312763,25,6.850016117095947,138.4384002685547,-5.3531413078308105,-0.7396764361753487,43.71653747558594
147,123.97247347595248,267.6476049407505,0.403598144367339,0.14816507697105408,-0.06703316340843289,25,6.759873867034912,111.87409973144531,-5.121824264526367,-1.326662476305285,43.13747024536133
17,32.74335294149469,34.41884238837313,0.40001513072056943,-0.05092586204409599,-0.16329286862720238,25,6.7414021492004395,115.18535614013672,-5.153493404388428,-1.2478419022757055,43.01880645751953
146,38.72785748092835,267.57733545279046,0.39532571097911356,0.28528863191604614,-0.7182394856233266,25,6.720142841339111,139.30775451660156,-5.359938144683838,-0.6382884313218098,42.882240295410156
43,38.434921222050946,77.73685533260553,0.40866177419000227,0.36966392397880554,0.511380957521104,25,6.707335472106934,136.2623748779297,-5.335940361022949,-0.7315779954019465,42.799964904785156
42,35.74208093263661,75.56275435461261,0.406554641740877,0.4263603985309601,-0.562706024804051,25,6.66409158706665,135.95956420898438,-5.333524227142334,-0.6954353553303406,42.52216720581055
18,193.74577753927858,34.38732876001091,0.3988597419523355,-0.017637604847550392,-0.0511403590901144,25,6.629208564758301,116.6269302368164,-5.16699743270874,-1.1141205097510216,42.29808044433594
4,10.781164589499799,6.191378780871421,0.403518469697317,-0.16270029544830322,-0.011745360259116789,25,6.540948390960693,108.7869873046875,-5.091442584991455,-1.2445337480832424,41.731101989746094
41,51.735058644230826,73.82894257580658,0.3996193993661554,0.5641342401504517,0.05857308627176877,25,6.5000691413879395,112.56698608398438,-5.128527641296387,-1.1895819292407626,41.46849822998047
110,89.5161971048546,192.72747667561205,0.42056506620024403,0.21411921083927155,0.8427546589306781,25,6.464402198791504,123.55194854736328,-5.229623794555664,-0.9446122915134878,41.23937225341797
85,186.4377571990882,156.8068022287529,0.39605251639496886,0.16309361159801483,-0.18090369178157972,25,6.424098014831543,124.24337768554688,-5.235683441162109,-0.7972241579334745,40.98046112060547
87,186.282142703272,156.90091579851955,0.3931808736658898,-0.09562689810991287,0.14178465472959098,25,6.40777587890625,123.80203247070312,-5.231819152832031,-0.7937617865889813,40.8756103515625
40,38.95589677827788,73.27880166151907,0.4020548419367127,-0.5811462998390198,0.29077251748201827,25,6.407055854797363,134.49038696289062,-5.321727752685547,-0.513104505798669,40.8709831237793
13,267.30660688391316,21.95688168665717,0.3975683890320069,0.005265579558908939,-0.6219163176056429,25,6.3393754959106445,130.40773010253906,-5.288258075714111,-0.6225128857057404,40.43621063232422
121,45.20089653859318,223.02628447619227,0.3910777367536049,0.17008955776691437,0.0820789721208365,25,6.180297374725342,109.37560272216797,-5.097301006317139,-1.027443570401133,39.41429901123047
108,86.7348357927664,189.78312761216617,0.4043875121836113,0.4200162887573242,-0.6091191894530449,25,6.1734395027160645,126.27969360351562,-5.253334045410156,-0.5812044595244723,39.370243072509766
135,286.3506813150143,254.8752372255153,0.41284922038625754,-0.2910105288028717,-0.010258322589260571,25,5.978071689605713,97.71861267089844,-4.974943161010742,-1.2108419015571001,38.115211486816406
69,63.416607099858886,135.99219916556393,0.40270832647546595,0.08546142280101776,0.07906580100151651,25,5.79839563369751,94.04186248779297,-4.933302879333496,-1.1925292542946886,36.96098327636719
38,19.18017888583894,70.24066338275873,0.40594193332990114,0.6999678611755371,-0.332109311352987,25,5.480182647705078,93.15383911132812,-4.923001766204834,-1.0825251112735454,34.91679763793945
118,230.74606747074748,216.79768773673933,0.41262845933174325,0.513960599899292,-0.12865171343514092,25,5.433906555175781,82.70037841796875,-4.793768882751465,-1.244781766333263,34.61952209472656
46,137.72843610561824,80.58679775139649,0.40523072871552834,0.07215173542499542,-0.18018007962029955,25,5.358714580535889,86.97461700439453,-4.848481178283691,-1.0961119806171273,34.13649368286133
29,46.31080524452194,53.24715393381152,0.4098677195947377,0.6410657167434692,-0.32901199409329895,25,5.3090009689331055,87.6233901977539,-4.856550216674805,-1.1126502139740262,33.817134857177734
44,29.63014129992714,79.12270882158737,0.4167946095585301,0.2150896042585373,0.09091464395045565,25,5.30109977722168,83.17362213134766,-4.79996395111084,-1.1829351876301297,33.76637649536133
152,293.6806400080751,281.5564129728132,0.415053163703194,0.1389121413230896,0.014523278375075232,25,5.264286041259766,78.44641876220703,-4.7364325523376465,-1.2431298881760169,33.52988815307617
36,184.08299359454793,64.82489972747098,0.42442078812092804,-0.20955932140350342,-0.044526138052103356,25,4.857454776763916,68.27189636230469,-4.585605144500732,-1.2566251955468437,30.916425704956055
141,29.71654719820827,265.46285054466256,0.41994169048625507,0.21965435147285461,0.016325545125564334,25,4.690546989440918,71.89181518554688,-4.641698837280273,-1.0949241325067067,29.844219207763672
106,4.511960391323583,189.2668595605949,0.42985256562750274,0.25504380464553833,-0.09664691707957003,25,4.305830001831055,61.04180908203125,-4.464068412780762,-1.1178710382438326,27.37281608581543
52,33.639698941529815,84.34325898707897,0.4373607213344067,-0.25513941049575806,-0.30640464755358093,25,4.198852062225342,67.8244400024414,-4.578465461730957,-0.8311291886970608,26.68559455871582
151,273.307368884326,280.9997756403625,0.4333844430694238,-0.27890676259994507,-0.04115015674544753,25,4.177175998687744,54.62361145019531,-4.343451023101807,-1.1952766135443946,26.546348571777344
102,239.96333202931334,180.74517574001936,0.43051390696767644,0.17001140117645264,-0.09405283184095176,25,4.133541107177734,54.98036193847656,-4.350518703460693,-1.1505482469087287,26.266040802001953
97,0.8247317839361801,172.11021384973958,0.30829736346398795,0.5317910313606262,0.8075564618183949,25,4.0530853271484375,52.04080581665039,-4.290860176086426,-1.408031340267777,25.749197006225586
137,14.362560392904516,261.0081325462856,0.4317780189298321,0.053622424602508545,-0.034121946034064474,25,4.048763275146484,52.8690071105957,-4.308002948760986,-1.1642805470078235,25.721431732177734
12,188.88189081233017,22.003153952172255,0.438106864263534,0.19842898845672607,0.04369929416526022,25,4.037003040313721,51.2170295715332,-4.27353572845459,-1.2081574244402231,25.64588737487793
86,199.42882886670733,157.38704555061472,0.43528945337407665,0.4881730377674103,-0.004017513619296674,25,4.028407096862793,52.60732650756836,-4.302615642547607,-1.1510106449007567,25.590667724609375
129,8.669217876460683,234.37316403208044,0.42360702336852146,-0.007406299468129873,0.007935551358753836,25,3.949284315109253,54.050323486328125,-4.331995964050293,-1.0833477831641625,25.082386016845703
25,90.46166784915162,44.43148173158111,0.4237308153355457,-0.009825313463807106,-0.005726020015834826,25,3.8604493141174316,52.0523796081543,-4.291101455688477,-1.068201388924789,24.511714935302734
128,80.44502616677296,229.03310428217708,0.4353807201527566,-0.24890734255313873,0.06861252735620575,25,3.8563175201416016,48.98154830932617,-4.225081443786621,-1.143177196484076,24.485172271728516
14,117.58319178330015,27.355446585632013,0.4248099686882484,-0.15235890448093414,-0.14138495639315168,25,3.8496644496917725,51.679691314697266,-4.283299922943115,-1.0752819735957078,24.442432403564453
21,161.86242143741305,39.170897292365225,0.4371950414005518,0.24406643211841583,-0.019832168631081865,25,3.7861552238464355,47.260440826416016,-4.186244487762451,-1.138660782948332,24.034452438354492
67,182.87115195989034,131.96933641377572,0.44012803272695794,0.18610188364982605,0.03441257609101249,25,3.78401780128479,47.854347229003906,-4.199803352355957,-1.1244285360318624,24.020723342895508
61,30.11025154765137,120.72627611923289,0.43625557708540375,-0.024010412395000458,-0.01891051834274258,25,3.776897668838501,49.5618896484375,-4.237869739532471,-1.0826008693585358,23.97498321533203
149,264.4974639608923,276.1085148758895,0.43365867626374044,-0.17808683216571808,0.06737326995853693,25,3.757216215133667,47.730438232421875,-4.196988582611084,-1.1079302901770207,23.84855079650879
73,242.38697664488913,138.31315059387026,0.4399709966176019,0.47944557666778564,0.0368247603254654,25,3.734042167663574,46.81773376464844,-4.176025867462158,-1.1202265342602624,23.699682235717773
26,166.1828042540553,48.127168838357186,0.43335942965356894,0.207027867436409,-0.10730675192375029,25,3.6412405967712402,46.617061614990234,-4.171362400054932,-1.0812190562927535,23.10352897644043
134,292.44030726077756,253.33952145939654,0.4313916824322081,0.17936371266841888,-0.18105459973432605,25,3.54884672164917,47.55205535888672,-4.192923545837402,-0.9806446602562141,22.509994506835938
65,144.4744008713185,131.35495916180685,0.4362197409845176,0.12275868654251099,-0.07656549116509043,25,3.4672975540161133,45.307952880859375,-4.140436172485352,-0.9863852073259463,21.986127853393555
62,191.06077603342993,120.69024118590943,0.44152256117908356,0.1325022280216217,0.07993078383046294,25,3.4169273376464844,41.60734939575195,-4.047924995422363,-1.0521645262064796,21.662551879882812
77,117.39284477228969,148.30871314069253,0.434710306261997,0.06178896501660347,-0.10562705052392929,25,3.397313356399536,43.52238464355469,-4.0967817306518555,-0.988356012109396,21.53655242919922
143,271.1933133120659,266.5834351142977,0.4296620660743808,0.2080613523721695,-0.02740354258056553,25,3.352987051010132,47.746219635009766,-4.197347640991211,-0.8444295426276104,21.251802444458008
2,187.50139147544246,1.0052864650145397,0.3223357673526061,-0.2740830183029175,-0.40426217024336303,25,3.274958848953247,39.67817306518555,-3.9963791370391846,-1.2361246982931349,20.750553131103516
1,26.613724333558874,1.051783209508848,0.31571666020349276,-0.45953911542892456,-0.5605309837874534,25,3.240175485610962,42.37813186645508,-4.067854404449463,-1.1324214733621822,20.52710723876953
78,166.1683563598551,147.78483504298381,0.43850338680521894,-0.08515950292348862,-0.19377023499032348,25,3.2284655570983887,39.35384750366211,-3.9874677658081055,-0.9948159787206461,20.45188331604004
48,45.77320792012265,80.40426442312332,0.4306681030263322,-0.4733816385269165,0.29965758800276104,25,3.0650670528411865,42.92670822143555,-4.0818190574646,-0.7951837817025329,19.402219772338867
9,43.106790705750726,15.777994125229675,0.4388933504854149,-0.14093603193759918,0.1276330473323933,25,3.0256500244140625,42.439674377441406,-4.069430351257324,-0.7517127467206552,19.149005889892578
89,159.12485083067247,158.80978050175028,0.4309480800520427,-0.035921406000852585,0.15958454683694231,25,2.9826347827911377,40.919761657714844,-4.02983283996582,-0.7849301615499927,18.872678756713867
23,172.02888179618063,40.52594275778085,0.4192269961231973,0.8452243804931641,0.5271668912713238,25,2.9766812324523926,43.0802001953125,-4.085694313049316,-0.7332595246692775,18.83443260192871
47,207.2761426015135,80.53818366908473,0.430230030287435,0.022502778097987175,0.012704918808001916,25,2.968937873840332,37.80928039550781,-3.9439961910247803,-0.8508578904160404,18.784690856933594
70,89.04059810742248,137.32025420004425,0.45963585587050837,0.47146937251091003,0.13201007597982012,25,2.963818311691284,34.31107711791992,-3.83858585357666,-0.9418909389589735,18.751802444458008
74,250.21848635953143,138.31248014225753,0.4527721416089457,0.017870472744107246,0.012772744843297112,25,2.92024827003479,33.65671157836914,-3.8176794052124023,-0.9279413682303467,18.47191047668457
138,217.09156803651956,261.7316593552321,0.4431821634788252,0.12541687488555908,-0.11931338636712337,25,2.8466012477874756,34.204864501953125,-3.8352198600769043,-0.8745493546647188,17.99880599975586
35,38.38918274814841,64.07456197095628,0.45141180928602276,0.0970890149474144,0.013071995940718121,25,2.816516876220703,33.67284393310547,-3.818199634552002,-0.8549570212112021,17.805545806884766
3,178.07565229581198,4.28441708340781,0.449352457900091,-0.22162406146526337,-0.14709227393576907,25,2.748239517211914,32.463226318359375,-3.7784790992736816,-0.8485003213801212,17.36693572998047
114,224.86124625479468,201.68886377374886,0.44580171518894,0.21786773204803467,0.03609020226568202,25,2.618701934814453,28.531896591186523,-3.638326644897461,-0.8659624953342139,16.534791946411133
105,111.1655206734202,188.0005713198137,0.45468136514211016,0.035735681653022766,0.0480960523363871,25,2.602473497390747,29.24726676940918,-3.6652133464813232,-0.8267597435075545,16.4305419921875
64,93.24551379788905,131.01054027182397,0.4479402957381678,-0.39653122425079346,-0.011532478456290287,25,2.593444585800171,36.00185012817383,-3.8908121585845947,-0.5920306077612366,16.372541427612305
50,161.96889531272598,83.720905895182,0.45588872613413267,0.50291508436203,0.036391545846284706,25,2.585698366165161,27.86916732788086,-3.6128101348876953,-0.8642247327803899,16.322778701782227
130,179.15733728010503,238.1322321603653,0.4545750043453111,0.3125624656677246,0.06286920016706367,25,2.581928253173828,29.756391525268555,-3.683950662612915,-0.8102414902591815,16.298561096191406
117,56.31254797156406,215.93203095464324,0.4440849547363585,-0.2850061058998108,-0.08557287035706627,25,2.5797553062438965,30.359704971313477,-3.7057437896728516,-0.7884758171393341,16.28460121154785
103,65.86489327713682,184.0901015935861,0.4343386505420906,0.2978711724281311,-0.5183364767681322,25,2.566195011138916,39.22896957397461,-3.9840173721313477,-0.4703871131575818,16.197490692138672
136,152.04188227186435,256.2162395851778,0.45538074544696716,0.28636690974235535,-0.04211836400526687,25,2.5390915870666504,28.0363712310791,-3.619304656982422,-0.8065325452082446,16.023380279541016
153,173.55587510847215,283.5198614156254,0.4331694318138528,-0.00012631791469175369,-0.003706742354437143,25,2.5243561267852783,31.708417892456055,-3.752936363220215,-0.6868916179055218,15.928719520568848
53,186.77674010196424,86.36889371760425,0.4386213908896035,0.16967685520648956,0.11838596756755318,25,2.5204873085021973,30.45421600341797,-3.709118604660034,-0.7347574797669841,15.9038667678833
34,262.2370117397191,61.38848755683569,0.44928167725894125,0.03894289955496788,-0.06873643512549307,25,2.4889113903045654,28.42476463317871,-3.634242057800293,-0.7650934830035017,15.701025009155273
155,2.065529427612853,297.57143039083184,0.35211242224574035,0.24971386790275574,-0.17416478564336585,25,2.4581265449523926,30.871578216552734,-3.7238969802856445,-0.8281321214877699,15.503264427185059
156,181.3084962637056,298.12975715321403,0.340071347359162,-0.08802537620067596,-0.41996714913819416,25,2.4544756412506104,26.69317626953125,-3.5660006999969482,-1.0079275139049073,15.47981071472168
150,151.10331312240334,279.2597354213208,0.4518506113288546,0.45318859815597534,0.02341489995500195,25,2.439181089401245,29.424036026000977,-3.67175555229187,-0.697304195500035,15.381559371948242
55,72.92389002931122,87.18971092442912,0.4584878449460483,0.2471557855606079,-0.47812590008831424,25,2.4229109287261963,36.703102111816406,-3.911756992340088,-0.3859797173755091,15.2770414352417
133,44.02626155128254,246.5259006439005,0.4517495335266801,0.25328415632247925,0.19648088722039966,25,2.4171230792999268,29.071142196655273,-3.6586551666259766,-0.7008142231004579,15.239860534667969
88,119.9854759370433,159.16089269617981,0.44894556924568063,-0.23948462307453156,0.2454349379243767,25,2.335393190383911,32.659523010253906,-3.785024642944336,-0.5017564771227674,14.714831352233887
126,250.4044415890843,225.95674423510155,0.4302286732427344,0.2506559491157532,0.04643119219807894,25,2.2978575229644775,33.4716911315918,-3.8116941452026367,-0.406993675383815,14.47370433807373
68,113.4556881187541,134.08234933154526,0.44730305667326653,-0.23424087464809418,-0.005591267536353708,25,2.2831428050994873,27.89314079284668,-3.613743543624878,-0.6166161484511992,14.379178047180176
131,132.53891985250502,238.53592697388174,0.4370493054184884,-0.10788217931985855,-0.13784874311457307,25,2.241922616958618,27.2655086517334,-3.589034080505371,-0.5944950805859646,14.114381790161133
19,47.23037988042733,34.81413047218252,0.44814888475748266,0.19077199697494507,0.09610992116956726,25,2.2214841842651367,27.985361099243164,-3.6173272132873535,-0.5576212841251218,13.983085632324219
132,223.35743892177786,242.9049412309308,0.4344164308554642,0.30709168314933777,0.046962539371060284,25,2.211564302444458,31.291526794433594,-3.7385668754577637,-0.38488481849714146,13.919361114501953
116,188.62075610564867,209.94821093273077,0.44511070326376634,0.4418337941169739,-0.11361375272083542,25,2.197627305984497,26.721881866455078,-3.5671675205230713,-0.5884256884070425,13.829830169677734
28,109.55285528694269,51.89995672431174,0.4260493061845625,-0.11577232927083969,0.09351219574001572,25,2.17789626121521,31.306800842285156,-3.7390968799591064,-0.3905540447066487,13.703079223632812
5,40.71250452391443,9.89589144177599,0.45384537008592635,-0.15436303615570068,0.022642007144337666,25,2.1354763507843018,27.87833595275879,-3.6131670475006104,-0.4714826013933416,13.43057632446289
99,183.63747790872546,176.35338770477915,0.42872713197466483,0.6218818426132202,0.33543345634328403,25,2.133857488632202,32.10955047607422,-3.7665855884552,-0.2845810271956384,13.42017650604248
127,161.31877775810653,226.52807522936104,0.45112423037176513,0.15625415742397308,0.010803600923870369,25,2.1334726810455322,25.08536720275879,-3.498551368713379,-0.5713685851603552,13.417704582214355
32,245.12041881446655,56.448350907675845,0.45822134701734235,0.25556597113609314,-0.04045525479119219,25,2.1155903339385986,23.482818603515625,-3.426875591278076,-0.602792643788663,13.302828788757324
100,83.94707287070787,179.82678649305217,0.4631251798939901,0.08609598875045776,0.018638981376406044,25,2.08909273147583,23.5975341796875,-3.432166576385498,-0.5759776407837048,13.132610321044922
98,107.26531695785852,174.07426099203207,0.4518644104238321,0.048283446580171585,0.04014407833799504,25,2.073791742324829,22.91865348815918,-3.400472640991211,-0.6015630698383035,13.034317016601562
16,236.25987039690955,32.075230392195785,0.43049771875258713,-0.6705960631370544,-0.2781827407549637,25,1.9904307126998901,25.573074340820312,-3.5194573402404785,-0.41375513937065944,12.498809814453125
83,113.44997993380451,155.17443831064713,0.44747101411827894,-0.12870991230010986,-0.06924377079851415,25,1.973683476448059,21.330339431762695,-3.3224942684173584,-0.5809951669314052,12.391225814819336
139,126.30758563777573,264.98190313259573,0.46498195735453496,-0.2814476788043976,0.332145815683465,25,1.9664744138717651,30.534299850463867,-3.7119698524475098,-0.19462011523657105,12.344915390014648
22,26.60528061211194,39.6990071487793,0.45190340682253505,-0.2103252112865448,-0.04868576407234201,25,1.9549058675765991,22.742578506469727,-3.392099142074585,-0.5227943784530796,12.270599365234375
92,60.50178867784108,162.68965714280296,0.4459517632211022,0.295261949300766,0.11303831396861157,25,1.953765869140625,24.514223098754883,-3.4735453128814697,-0.4231962982127062,12.263276100158691
51,268.0415003335338,84.47103593882615,0.4563889056346933,0.08712982386350632,0.1339078808150562,25,1.9515085220336914,19.67374610900879,-3.234717607498169,-0.5970228169150211,12.248775482177734
63,33.04954333523,127.4625210914365,0.45826866370261005,-0.38528135418891907,0.5389334761643874,25,1.9213624000549316,31.78183937072754,-3.7554476261138916,-0.06830789822260178,12.0551176071167
120,278.2518337572237,221.36649439829282,0.4391731632536384,0.21199151873588562,-0.04795720628563538,25,1.9146111011505127,24.86133575439453,-3.4888112545013428,-0.3460064931455336,12.011748313903809
113,154.67136877947203,202.04524506434456,0.4453593521930259,0.004892593249678612,-0.07698230629540545,25,1.8971514701843262,21.723310470581055,-3.3423149585723877,-0.5029973465889006,11.899588584899902
111,288.4649694653162,193.2441255021809,0.46109744230687966,0.22404298186302185,-0.16522926784001501,25,1.890811562538147,18.768062591552734,-3.18354868888855,-0.5788331746223087,11.858860969543457
49,154.47201280365098,82.92146840817146,0.446870313194399,-0.11371739953756332,-0.19237597416077426,25,1.8781383037567139,20.593338012695312,-3.2843170166015625,-0.5028480427554329,11.777448654174805
72,140.57697255956913,138.17160902505628,0.4499073069879995,0.11182428896427155,-0.17491018267307268,25,1.8586350679397583,20.82697105407715,-3.296565532684326,-0.4569280339830945,11.65216064453125
7,263.1663029157114,14.385465731451536,0.4354484128116129,0.16710685193538666,0.7439269692115004,25,1.8558048009872437,29.168376922607422,-3.662280797958374,-0.07814833486302063,11.633979797363281
145,297.00992583486055,266.6159364146252,0.4632303406012991,0.03325434774160385,-0.06735769153207585,25,1.8151973485946655,21.656681060791016,-3.338979721069336,-0.3519082152860358,11.373119354248047
104,181.36039602056493,183.9371098129615,0.46512827409029733,0.47079601883888245,0.14617980648445975,25,1.8025050163269043,21.622007369995117,-3.337239980697632,-0.3687552395560467,11.291584014892578
109,76.32527394112185,192.38880615185406,0.43467479075286597,0.300557404756546,0.48388569129955095,25,1.7719701528549194,26.302465438842773,-3.5499911308288574,-0.11143564051854739,11.095429420471191
6,101.46803857677567,13.853851903236897,0.4415461119105813,0.08527888357639313,-0.0008040209123302871,25,1.7109493017196655,20.33663558959961,-3.270697832107544,-0.34516492465502374,10.703434944152832
91,118.54259558952899,161.32900904867023,0.48358693501410926,-0.6416225433349609,0.0957304162264766,25,1.7097364664077759,24.713973999023438,-3.482356309890747,-0.12597755541627978,10.695643424987793
94,221.18407947040836,163.05979683443533,0.4451761301328766,0.44470271468162537,-0.0544096055313336,25,1.6952627897262573,17.93790626525879,-3.134429454803467,-0.43010628642757387,10.602665901184082
31,111.09996971036131,56.391251358095815,0.4521963311213654,0.005829703528434038,0.21505378247833673,25,1.683259129524231,23.086153030395508,-3.408379077911377,-0.18255327208617217,10.525554656982422
57,38.56109042431428,96.23267008512562,0.45549177054156215,0.2597629129886627,-0.07852688399490401,25,1.6671372652053833,18.865629196166992,-3.189177989959717,-0.3385319802559833,10.421988487243652
112,50.62483480171698,201.37091226473854,0.4402461013502949,0.5639449954032898,0.2539611080240189,25,1.6354656219482422,23.784395217895508,-3.440730333328247,-0.044988037204327286,10.218531608581543
76,287.3199764944662,145.99980257748203,0.42868219702027843,-0.5406931042671204,-0.3278375911900168,25,1.6315817832946777,18.98674964904785,-3.1961264610290527,-0.2958798764815648,10.193582534790039
107,266.6956741284537,189.4320320771089,0.4697441242641837,-0.27232736349105835,0.015294120837597718,25,1.5574792623519897,14.698813438415527,-2.918205499649048,-0.4037580664500323,9.717551231384277
59,21.239463939745587,99.7245036172266,0.4427416207428002,-0.06673424690961838,0.008294999023914559,25,1.5485255718231201,21.47421646118164,-3.3297932147979736,-0.044272367572897556,9.660033226013184
33,272.6768023573819,57.076510870996756,0.45098649517127537,0.4451581537723541,-0.13976196958888562,25,1.5134888887405396,14.84822940826416,-2.9291865825653076,-0.3501719623521396,9.434959411621094
96,38.99361527803206,168.45073237408363,0.46411581074508296,0.06976456195116043,0.15583539655733103,25,1.4995863437652588,16.280385971069336,-3.0291616916656494,-0.268026013090409,9.345649719238281
80,32.24177393797495,149.88300310979156,0.4553874024340343,-0.45002835988998413,-0.13110755481305644,25,1.4924904108047485,17.25688362121582,-3.0924057960510254,-0.21310795312065686,9.300065994262695
95,6.587165545739373,165.15548280767678,0.454029897831693,-0.10750489681959152,0.29913182032262525,25,1.479738473892212,20.194780349731445,-3.2630977630615234,-0.05969223664426765,9.218148231506348
60,192.16023936569252,100.96236420399033,0.4685975238914573,0.2910451591014862,0.06414301838005565,25,1.4737530946731567,15.027643203735352,-2.9422271251678467,-0.2840592994623151,9.179698944091797
79,3.2847527329652446,149.48275565521251,0.4457043878071819,-0.09356872737407684,0.1352292926782346,25,1.4474557638168335,18.096988677978516,-3.1440157890319824,-0.09997688763033648,9.01076602935791
10,287.11231465376903,19.127546852543784,0.4694611659510924,-0.07031608372926712,0.16685919472215444,25,1.4296594858169556,15.24118423461914,-2.9575467109680176,-0.19505136764088535,8.896443367004395
56,256.0346099614859,92.68357082510643,0.4519424158183525,0.3958505392074585,0.10284292462756355,25,1.409982442855835,14.64453411102295,-2.914188861846924,-0.25102716114482415,8.770039558410645
84,298.55039855906494,155.01727309390887,0.7126226283308833,0.3512411415576935,0.4342832465416963,25,1.3979185819625854,7.173208236694336,-2.1392836570739746,-0.2591008567754155,8.692541122436523
81,228.60860651508432,152.490401121124,0.46234663697845635,-0.11306300014257431,0.39022145371077055,25,1.386549711227417,16.222381591796875,-3.0252864360809326,-0.10189340807840676,8.619508743286133
115,295.7032059414249,202.59757492813822,0.46313569569229457,0.06307002902030945,-0.06424234873300616,25,1.3769996166229248,14.792524337768555,-2.925105571746826,-0.210571520328242,8.558158874511719
101,234.14986436524202,180.10820035459722,0.4748612879914191,0.5278934836387634,-0.2611526790862858,25,1.3645079135894775,13.716103553771973,-2.8430769443511963,-0.163968471489955,8.477912902832031
154,68.37500627404168,294.9939857651912,0.4671245325730529,0.10427887737751007,-0.032077983429337965,25,1.331500768661499,12.748971939086914,-2.763688087463379,-0.21536435322565603,8.265876770019531
123,266.3212739354978,224.98294951544548,0.46562336499745677,0.1390359252691269,-0.0990867256225089,25,1.3259460926055908,13.252862930297852,-2.805774211883545,-0.17642045383299995,8.230194091796875
37,134.97535633050023,69.00809657172037,0.4517277186632895,0.34595799446105957,-0.07035903723103884,25,1.3191485404968262,15.465527534484863,-2.973412036895752,-0.07633437843513298,8.186527252197266
20,259.9478708385493,36.76540703447569,0.480463239490356,-0.2884462773799896,-0.11356467612537598,25,1.2837507724761963,14.990525245666504,-2.939542293548584,-0.008340121784533413,7.959133148193359
148,116.17842388812248,270.01720326298516,0.4712788957654501,0.5590322613716125,0.1609115895759861,25,1.2815085649490356,13.383493423461914,-2.8164238929748535,-0.11187197309456012,7.944729328155518
93,169.93512552113935,162.4237130207613,0.4487012937439313,0.17077326774597168,0.2921911828547769,25,1.2763725519180298,13.894695281982422,-2.8571224212646484,-0.08246106062829797,7.911736011505127
119,268.7151365123451,219.6900964867266,0.462999083501659,0.0853901356458664,0.027317908816560377,25,1.2628899812698364,12.258628845214844,-2.721104621887207,-0.16042053569372916,7.825124740600586
54,194.0641914682605,86.60678575902587,0.46023033954705894,0.23890483379364014,0.02870628152264446,25,1.2573341131210327,13.324214935302734,-2.8116040229797363,-0.07417721152714665,7.78943395614624
15,154.83779597515166,28.903454277477174,0.46697216761837407,0.0613226592540741,0.2488060724382941,25,1.2408943176269531,11.54843807220459,-2.656308174133301,-0.1541285640014059,7.683825492858887
58,260.91013789481667,97.98819722692879,0.4600515067681756,-0.2672247290611267,0.06190280108594189,25,1.2371950149536133,10.13630485534668,-2.5146989822387695,-0.24616491224237363,7.660061359405518
122,101.3934868303555,224.34642932437163,0.45412211532308844,0.3900138735771179,-0.056919169798677394,25,1.2295483350753784,12.855372428894043,-2.7727115154266357,-0.08737448829022565,7.6109395027160645
8,0.6153277489628051,15.743115857405499,0.29818106575055914,0.700038492679596,0.2902928612841451,25,1.1365934610366821,13.354081153869629,-2.814035177230835,-0.20870149701619853,7.013802528381348
82,235.27100978232622,154.3240183348312,0.4612531586902969,-0.20146159827709198,-0.3176333422355746,25,1.1260126829147339,10.886866569519043,-2.592257261276245,-0.03626066306860768,6.945831775665283
71,261.6595318604927,137.4193946113597,0.4568703490202582,0.11025220900774002,-0.052373835372512625,25,1.11838960647583,10.624842643737793,-2.5658061504364014,-0.030192884024622203,6.896861553192139
75,258.5880196176296,143.1703337792856,0.4472513277502174,0.35476967692375183,0.18772758653675128,25,1.054250955581665,9.270342826843262,-2.4177393913269043,-0.0723283264827093,6.484838008880615
125,179.10172834465166,226.42422622553298,0.47026863363850235,0.5136942267417908,0.1396341879520385,25,1.0481009483337402,8.643143653869629,-2.341679334640503,-0.055872483735298364,6.44533109664917
124,16.871383388381545,225.7983251585345,0.4851177171491814,0.30631715059280396,0.07262801989591691,25,1.0369654893875122,8.533982276916504,-2.3278794288635254,-0.05028087757465677,6.373797416687012
27,0.6276531961311566,49.12923919991581,0.3152203022653277,0.15740136802196503,0.37804969303676755,25,1.0197863578796387,11.21251392364502,-2.6242575645446777,-0.09855247181278858,6.263439655303955
